segment,customers,avg_spend,avg_orders,total_revenue,revenue_share_pct
Low (<$50),636,28.660801886792452,1.0,18228.27,17.8
Mid ($50-$150),712,86.93018258426966,1.0168539325842696,61894.29,60.4
High ($150-$400),115,194.0444347826087,1.0608695652173914,22315.11,21.8
